dttm,value
2013-12-02 21:15:00,73.96732207
2013-12-02 21:20:00,74.935882
2013-12-02 21:25:00,76.12416182
2013-12-02 21:30:00,78.14070732
2013-12-02 21:35:00,79.32983574
2013-12-02 21:40:00,78.71041827
2013-12-02 21:45:00,80.26978421
2013-12-02 21:50:00,80.27282792
2013-12-02 21:55:00,80.35342468
2013-12-02 22:00:00,79.48652315
2013-12-02 22:05:00,80.78327674
2013-12-02 22:10:00,79.50815854
2013-12-02 22:15:00,79.30203285
2013-12-02 22:20:00,80.80262407
2013-12-02 22:25:00,80.37778929
2013-12-02 22:30:00,80.47923735
2013-12-02 22:35:00,81.42356028
2013-12-02 22:40:00,81.37357535
2013-12-02 22:45:00,81.69094215
2013-12-02 22:50:00,80.18124978
2013-12-02 22:55:00,81.76717835
2013-12-02 23:00:00,81.25978065
2013-12-02 23:05:00,80.30293653
2013-12-02 23:10:00,81.11459031
2013-12-02 23:15:00,81.74810877
2013-12-02 23:20:00,81.99460747
2013-12-02 23:25:00,81.2580527
2013-12-02 23:30:00,83.11803871
2013-12-02 23:35:00,81.24702121
2013-12-02 23:40:00,82.73586941
2013-12-02 23:45:00,81.72332602
2013-12-02 23:50:00,81.56235567
2013-12-02 23:55:00,81.43553422
2013-12-03 00:00:00,81.90815592
2013-12-03 00:05:00,82.45575098
2013-12-03 00:10:00,83.02758267
2013-12-03 00:15:00,83.36235646
2013-12-03 00:20:00,81.88701566
2013-12-03 00:25:00,82.88189183
2013-12-03 00:30:00,83.57965349
2013-12-03 00:35:00,83.76141298
2013-12-03 00:40:00,82.30991906
2013-12-03 00:45:00,83.05136903
2013-12-03 00:50:00,83.26333638
2013-12-03 00:55:00,84.09700706
2013-12-03 01:00:00,83.5464428
2013-12-03 01:05:00,83.48998999
2013-12-03 01:10:00,83.43534304
2013-12-03 01:15:00,85.18336642
2013-12-03 01:20:00,85.34462435
2013-12-03 01:25:00,84.67196172
2013-12-03 01:30:00,85.30276155
2013-12-03 01:35:00,84.34921079
2013-12-03 01:40:00,84.55584383
2013-12-03 01:45:00,83.7711366
2013-12-03 01:50:00,85.29834063
2013-12-03 01:55:00,85.40014591
2013-12-03 02:00:00,85.10730255
2013-12-03 02:05:00,84.97405668
2013-12-03 02:10:00,85.43784202
2013-12-03 02:15:00,84.83484013
2013-12-03 02:20:00,84.94715827
2013-12-03 02:25:00,86.16861901
2013-12-03 02:30:00,86.37621858
2013-12-03 02:35:00,86.3421685
2013-12-03 02:40:00,86.61918376
2013-12-03 02:45:00,86.30151068
2013-12-03 02:50:00,86.57173751
2013-12-03 02:55:00,86.48675455
2013-12-03 03:00:00,87.52018696
2013-12-03 03:05:00,87.00908412
2013-12-03 03:10:00,86.96641259
2013-12-03 03:15:00,88.62366147
2013-12-03 03:20:00,88.59942914
2013-12-03 03:25:00,89.44293245
2013-12-03 03:30:00,87.98565262
2013-12-03 03:35:00,89.75558903
2013-12-03 03:40:00,88.80257312
2013-12-03 03:45:00,89.7298597
2013-12-03 03:50:00,90.22009915
2013-12-03 03:55:00,89.44223536
2013-12-03 04:00:00,90.50690649
2013-12-03 04:05:00,90.89985471
2013-12-03 04:10:00,89.52273909
2013-12-03 04:15:00,90.79023919
2013-12-03 04:20:00,91.52798129
2013-12-03 04:25:00,90.30234442
2013-12-03 04:30:00,91.69464161
2013-12-03 04:35:00,90.61223839
2013-12-03 04:40:00,91.35611449
2013-12-03 04:45:00,91.1192753
2013-12-03 04:50:00,92.2779806
2013-12-03 04:55:00,91.93466396
2013-12-03 05:00:00,91.26341409
2013-12-03 05:05:00,91.03317052
2013-12-03 05:10:00,90.54178741
2013-12-03 05:15:00,89.31712427
2013-12-03 05:20:00,88.60863427
2013-12-03 05:25:00,88.00860982
2013-12-03 05:30:00,87.9874342
2013-12-03 05:35:00,87.62276247
2013-12-03 05:40:00,86.35545122
2013-12-03 05:45:00,86.69530437
2013-12-03 05:50:00,84.67963832
2013-12-03 05:55:00,84.07484551
2013-12-03 06:00:00,84.35696223
2013-12-03 06:05:00,84.58044581
2013-12-03 06:10:00,82.68818775
2013-12-03 06:15:00,82.69563236
2013-12-03 06:20:00,83.76512879
2013-12-03 06:25:00,82.98957536
2013-12-03 06:30:00,82.23041088
2013-12-03 06:35:00,83.88653506
2013-12-03 06:40:00,81.89958882
2013-12-03 06:45:00,81.51452457
2013-12-03 06:50:00,82.75784339
2013-12-03 06:55:00,82.38401128
2013-12-03 07:00:00,83.21031771
2013-12-03 07:05:00,82.8468474
2013-12-03 07:10:00,80.83401484
2013-12-03 07:15:00,80.57814533
2013-12-03 07:20:00,82.38411475
2013-12-03 07:25:00,82.14105996
2013-12-03 07:30:00,81.51010328
2013-12-03 07:35:00,80.32038196
2013-12-03 07:40:00,81.37765072
2013-12-03 07:45:00,82.57875201
2013-12-03 07:50:00,83.67102071
2013-12-03 07:55:00,82.31952904
2013-12-03 08:00:00,84.00735878
2013-12-03 08:05:00,84.15133223
2013-12-03 08:10:00,85.42547113
2013-12-03 08:15:00,86.54847695
2013-12-03 08:20:00,87.29964034
2013-12-03 08:25:00,86.08152742
2013-12-03 08:30:00,85.88428549
2013-12-03 08:35:00,85.56048471
2013-12-03 08:40:00,85.13496309
2013-12-03 08:45:00,86.6109496
2013-12-03 08:50:00,86.15758118
2013-12-03 08:55:00,85.23120601
2013-12-03 09:00:00,85.93395961
2013-12-03 09:05:00,85.11561607
2013-12-03 09:10:00,85.86375607
2013-12-03 09:15:00,83.48616417
2013-12-03 09:20:00,85.48938451
2013-12-03 09:25:00,83.14095879
2013-12-03 09:30:00,83.35164174
2013-12-03 09:35:00,83.69802526
2013-12-03 09:40:00,83.80362667
2013-12-03 09:45:00,83.50931286
2013-12-03 09:50:00,83.4881532
2013-12-03 09:55:00,84.0784573
2013-12-03 10:00:00,82.2651982
2013-12-03 10:05:00,82.83535437
2013-12-03 10:10:00,82.04034143
2013-12-03 10:15:00,81.50854903
2013-12-03 10:20:00,82.36420121
2013-12-03 10:25:00,80.58482816
2013-12-03 10:30:00,80.9978684
2013-12-03 10:35:00,81.16723557
2013-12-03 10:40:00,80.31567859
2013-12-03 10:45:00,79.66605694
2013-12-03 10:50:00,79.8814896
2013-12-03 10:55:00,78.09314197
2013-12-03 11:00:00,77.72449282
2013-12-03 11:05:00,78.41045288
2013-12-03 11:10:00,77.1646548
2013-12-03 11:15:00,75.35177264
2013-12-03 11:20:00,76.18233367
2013-12-03 11:25:00,74.56924109
2013-12-03 11:30:00,73.50573006
2013-12-03 11:35:00,74.57014555
2013-12-03 11:40:00,72.68741156
2013-12-03 11:45:00,73.52553931
2013-12-03 11:50:00,72.82721113
2013-12-03 11:55:00,72.77529924
2013-12-03 12:00:00,73.83093472
2013-12-03 12:05:00,73.13846943
2013-12-03 12:10:00,75.34241901
2013-12-03 12:15:00,74.81298165
2013-12-03 12:20:00,76.34122004
2013-12-03 12:25:00,75.35202093
2013-12-03 12:30:00,76.16336404
2013-12-03 12:35:00,77.01836571
2013-12-03 12:40:00,78.61550225
2013-12-03 12:45:00,77.52448684
2013-12-03 12:50:00,79.26428222
2013-12-03 12:55:00,77.39280881
2013-12-03 13:00:00,78.22049763
2013-12-03 13:05:00,78.35412045
2013-12-03 13:10:00,80.11719562
2013-12-03 13:15:00,80.49280262
2013-12-03 13:20:00,78.8077078
2013-12-03 13:25:00,80.44409017
2013-12-03 13:30:00,79.70186363
2013-12-03 13:35:00,80.17581648
2013-12-03 13:40:00,80.00900765
2013-12-03 13:45:00,79.75172848
2013-12-03 13:50:00,81.54395534
2013-12-03 13:55:00,81.30146345
2013-12-03 14:00:00,81.19987815
2013-12-03 14:05:00,81.68924032
2013-12-03 14:10:00,80.85042358
2013-12-03 14:15:00,80.22887183
2013-12-03 14:20:00,80.54340412
2013-12-03 14:25:00,82.69675156
2013-12-03 14:30:00,82.87691879
2013-12-03 14:35:00,81.39294104
2013-12-03 14:40:00,81.09516526
2013-12-03 14:45:00,82.01953528
2013-12-03 14:50:00,81.3269712
2013-12-03 14:55:00,82.31148178
2013-12-03 15:00:00,83.32496669
2013-12-03 15:05:00,83.21001771
2013-12-03 15:10:00,82.25146959
2013-12-03 15:15:00,83.11339476
2013-12-03 15:20:00,84.61722355
2013-12-03 15:25:00,84.37223101
2013-12-03 15:30:00,84.79520638
2013-12-03 15:35:00,83.63540044
2013-12-03 15:40:00,82.62589147
2013-12-03 15:45:00,83.2559329
2013-12-03 15:50:00,84.38916448
2013-12-03 15:55:00,83.18147487
2013-12-03 16:00:00,83.48184527
2013-12-03 16:05:00,82.68143532
2013-12-03 16:10:00,82.97997961
2013-12-03 16:15:00,84.1348685
2013-12-03 16:20:00,83.54342224
2013-12-03 16:25:00,82.56862498
2013-12-03 16:30:00,83.45096889
2013-12-03 16:35:00,83.45143576
2013-12-03 16:40:00,82.88039053
2013-12-03 16:45:00,82.57263847
2013-12-03 16:50:00,83.85374038
2013-12-03 16:55:00,82.44444475
2013-12-03 17:00:00,82.11652105
2013-12-03 17:05:00,82.52409712
2013-12-03 17:10:00,83.22921909
2013-12-03 17:15:00,83.55667979
2013-12-03 17:20:00,82.69741029
2013-12-03 17:25:00,82.24032523
2013-12-03 17:30:00,82.18283255
2013-12-03 17:35:00,81.91025778
2013-12-03 17:40:00,81.92220756
2013-12-03 17:45:00,83.08562271
2013-12-03 17:50:00,81.94416494
2013-12-03 17:55:00,83.33882055
2013-12-03 18:00:00,82.73869514
2013-12-03 18:05:00,81.52296852
2013-12-03 18:10:00,81.42689951
2013-12-03 18:15:00,83.44744203
2013-12-03 18:20:00,83.17741645
2013-12-03 18:25:00,81.39971499
2013-12-03 18:30:00,81.49327887
2013-12-03 18:35:00,81.4224744
2013-12-03 18:40:00,80.01620011
2013-12-03 18:45:00,81.18422859
2013-12-03 18:50:00,78.87746103
2013-12-03 18:55:00,79.32870176
2013-12-03 19:00:00,78.53209148
2013-12-03 19:05:00,77.31031199
2013-12-03 19:10:00,78.60147648
2013-12-03 19:15:00,80.59333215
2013-12-03 19:20:00,80.34151261
2013-12-03 19:25:00,82.61994773
2013-12-03 19:30:00,82.02344746
2013-12-03 19:35:00,84.359617
2013-12-03 19:40:00,85.67172288
2013-12-03 19:45:00,85.56966109
2013-12-03 19:50:00,86.33936754
2013-12-03 19:55:00,85.82410266
2013-12-03 20:00:00,85.67514744
2013-12-03 20:05:00,86.73557359
2013-12-03 20:10:00,86.71059894
2013-12-03 20:15:00,84.49232932
2013-12-03 20:20:00,84.57715258
2013-12-03 20:25:00,86.11829435
2013-12-03 20:30:00,85.81371619
2013-12-03 20:35:00,84.01298513
2013-12-03 20:40:00,85.86114419
2013-12-03 20:45:00,84.63378489
2013-12-03 20:50:00,84.6204503
2013-12-03 20:55:00,84.30866618
2013-12-03 21:00:00,83.42961151
2013-12-03 21:05:00,84.55433571
2013-12-03 21:10:00,83.4531842
2013-12-03 21:15:00,84.33273465
2013-12-03 21:20:00,83.62480036
2013-12-03 21:25:00,83.82024756
2013-12-03 21:30:00,82.82118107
2013-12-03 21:35:00,82.48534664
2013-12-03 21:40:00,82.41635233
2013-12-03 21:45:00,82.85831903
2013-12-03 21:50:00,81.22431855
2013-12-03 21:55:00,81.3498204
2013-12-03 22:00:00,80.37310562
2013-12-03 22:05:00,79.5603305
2013-12-03 22:10:00,79.97472613
2013-12-03 22:15:00,79.68231758
2013-12-03 22:20:00,78.25736747
2013-12-03 22:25:00,78.15867147
2013-12-03 22:30:00,76.50030119
2013-12-03 22:35:00,76.28318438
2013-12-03 22:40:00,76.58648498
2013-12-03 22:45:00,75.3056747
2013-12-03 22:50:00,74.74571333
2013-12-03 22:55:00,74.18629409
2013-12-03 23:00:00,74.77344761
2013-12-03 23:05:00,72.89169183
2013-12-03 23:10:00,72.92432965
2013-12-03 23:15:00,71.36444054
2013-12-03 23:20:00,70.60517297
2013-12-03 23:25:00,70.08010776
2013-12-03 23:30:00,70.80451005
2013-12-03 23:35:00,69.41110478
2013-12-03 23:40:00,68.23720056
2013-12-03 23:45:00,68.81053857
2013-12-03 23:50:00,67.95144903
2013-12-03 23:55:00,65.90649636
2013-12-04 00:00:00,66.20465117
2013-12-04 00:05:00,66.09439847
2013-12-04 00:10:00,64.92515067
2013-12-04 00:15:00,65.91054219
2013-12-04 00:20:00,65.0764574
2013-12-04 00:25:00,64.4365387
2013-12-04 00:30:00,64.22546298
2013-12-04 00:35:00,64.67301299
2013-12-04 00:40:00,62.87339214
2013-12-04 00:45:00,64.07636038
2013-12-04 00:50:00,64.24233104
2013-12-04 00:55:00,63.61616805
2013-12-04 01:00:00,62.35719049
2013-12-04 01:05:00,61.94124256
2013-12-04 01:10:00,62.19962941
2013-12-04 01:15:00,61.91339759
2013-12-04 01:20:00,61.92579229
2013-12-04 01:25:00,62.48497727
2013-12-04 01:30:00,61.935635
2013-12-04 01:35:00,61.63262008
2013-12-04 01:40:00,60.37118114
2013-12-04 01:45:00,59.96038979
2013-12-04 01:50:00,61.13922001
2013-12-04 01:55:00,60.52991525
2013-12-04 02:00:00,59.63744866
2013-12-04 02:05:00,60.00666098
2013-12-04 02:10:00,60.12505135
2013-12-04 02:15:00,59.72064235
2013-12-04 02:20:00,60.43677303
2013-12-04 02:25:00,62.87329018
2013-12-04 02:30:00,66.4993069
2013-12-04 02:35:00,69.81211169
2013-12-04 02:40:00,72.92970657
2013-12-04 02:45:00,75.48652039
2013-12-04 02:50:00,77.56468667
2013-12-04 02:55:00,78.28725568
2013-12-04 03:00:00,77.60706621
2013-12-04 03:05:00,79.24906378
2013-12-04 03:10:00,79.49390087
2013-12-04 03:15:00,80.39691483
2013-12-04 03:20:00,81.02638717
2013-12-04 03:25:00,80.03079367
2013-12-04 03:30:00,81.96289081
2013-12-04 03:35:00,82.80100858
2013-12-04 03:40:00,82.63704015
2013-12-04 03:45:00,82.54456987
2013-12-04 03:50:00,83.91816767
2013-12-04 03:55:00,84.21337153
2013-12-04 04:00:00,83.5474584
2013-12-04 04:05:00,83.94591696
2013-12-04 04:10:00,85.50765598
2013-12-04 04:15:00,84.75313439
2013-12-04 04:20:00,87.38966543
2013-12-04 04:25:00,85.61241075
2013-12-04 04:30:00,87.04546782
2013-12-04 04:35:00,87.60232129
2013-12-04 04:40:00,87.31292835
2013-12-04 04:45:00,87.61788219
2013-12-04 04:50:00,87.91839902
2013-12-04 04:55:00,87.33875515
2013-12-04 05:00:00,87.00012634
2013-12-04 05:05:00,86.98303457
2013-12-04 05:10:00,88.13082806
2013-12-04 05:15:00,88.89966936
2013-12-04 05:20:00,88.76009472
2013-12-04 05:25:00,87.91843709
2013-12-04 05:30:00,87.61665589
2013-12-04 05:35:00,88.30627918
2013-12-04 05:40:00,88.9329081
2013-12-04 05:45:00,88.29581581
2013-12-04 05:50:00,87.12400298
2013-12-04 05:55:00,89.0575271
2013-12-04 06:00:00,86.98426456
2013-12-04 06:05:00,88.16593201
2013-12-04 06:10:00,87.07435833
2013-12-04 06:15:00,88.25426297
2013-12-04 06:20:00,87.0632953
2013-12-04 06:25:00,88.74480066
2013-12-04 06:30:00,88.51117094
2013-12-04 06:35:00,88.37158723
2013-12-04 06:40:00,88.00478586
2013-12-04 06:45:00,88.61564448
2013-12-04 06:50:00,89.857271
2013-12-04 06:55:00,89.11117455
2013-12-04 07:00:00,88.73527502
2013-12-04 07:05:00,90.44048272
2013-12-04 07:10:00,90.87460331
2013-12-04 07:15:00,88.83698476
2013-12-04 07:20:00,90.74342245
2013-12-04 07:25:00,90.92465673
2013-12-04 07:30:00,89.80826519
2013-12-04 07:35:00,89.87410639
2013-12-04 07:40:00,91.94873788
2013-12-04 07:45:00,91.03236887
2013-12-04 07:50:00,91.26672743
2013-12-04 07:55:00,89.98528487
2013-12-04 08:00:00,90.77882139
2013-12-04 08:05:00,91.84765707
2013-12-04 08:10:00,90.42548359
2013-12-04 08:15:00,91.3827811
2013-12-04 08:20:00,90.06954941
2013-12-04 08:25:00,89.97814049
2013-12-04 08:30:00,90.3096759
2013-12-04 08:35:00,90.72428594
2013-12-04 08:40:00,90.1455803
2013-12-04 08:45:00,91.60297257
2013-12-04 08:50:00,89.95340409
2013-12-04 08:55:00,91.23679402
2013-12-04 09:00:00,90.88751787
2013-12-04 09:05:00,91.11322564
2013-12-04 09:10:00,91.71235473
2013-12-04 09:15:00,91.11938781
2013-12-04 09:20:00,91.10486261
2013-12-04 09:25:00,91.6813322
2013-12-04 09:30:00,90.514947
2013-12-04 09:35:00,89.71700074
2013-12-04 09:40:00,91.65203082
2013-12-04 09:45:00,91.01595463
2013-12-04 09:50:00,91.47394549
2013-12-04 09:55:00,91.03909176
2013-12-04 10:00:00,89.6586677
2013-12-04 10:05:00,91.06468954
2013-12-04 10:10:00,90.05823487
2013-12-04 10:15:00,90.23402189
2013-12-04 10:20:00,89.98472665
2013-12-04 10:25:00,91.8117387
2013-12-04 10:30:00,91.5975513
2013-12-04 10:35:00,90.57501904
2013-12-04 10:40:00,90.25297529
2013-12-04 10:45:00,89.78884843
2013-12-04 10:50:00,91.49798647
2013-12-04 10:55:00,90.15558683
2013-12-04 11:00:00,91.54101803
2013-12-04 11:05:00,90.34836465
2013-12-04 11:10:00,91.03425337
2013-12-04 11:15:00,90.10654338
2013-12-04 11:20:00,91.14968611
2013-12-04 11:25:00,90.85022799
2013-12-04 11:30:00,90.23782718
2013-12-04 11:35:00,90.57429048
2013-12-04 11:40:00,91.44783131
2013-12-04 11:45:00,89.7515613
2013-12-04 11:50:00,90.52987624
2013-12-04 11:55:00,90.60576981
2013-12-04 12:00:00,88.85217825
2013-12-04 12:05:00,90.03063173
2013-12-04 12:10:00,89.38603658
2013-12-04 12:15:00,89.66376247
2013-12-04 12:20:00,88.05606264
2013-12-04 12:25:00,87.71234894
2013-12-04 12:30:00,86.62532028
2013-12-04 12:35:00,86.89842071
2013-12-04 12:40:00,86.10068109
2013-12-04 12:45:00,86.32186857
2013-12-04 12:50:00,87.1806124
2013-12-04 12:55:00,85.58175774
2013-12-04 13:00:00,84.32018121
2013-12-04 13:05:00,85.3484649
2013-12-04 13:10:00,85.23133389
2013-12-04 13:15:00,83.60369239
2013-12-04 13:20:00,84.14668277
2013-12-04 13:25:00,84.36204419
2013-12-04 13:30:00,82.44829347
2013-12-04 13:35:00,81.86204397
2013-12-04 13:40:00,82.19836897
2013-12-04 13:45:00,80.83766416
2013-12-04 13:50:00,82.56379835
2013-12-04 13:55:00,80.59808084
2013-12-04 14:00:00,80.89253215
2013-12-04 14:05:00,82.13609654
2013-12-04 14:10:00,81.81714711
2013-12-04 14:15:00,80.48854812
2013-12-04 14:20:00,81.26469622
2013-12-04 14:25:00,82.42140024
2013-12-04 14:30:00,82.23030379
2013-12-04 14:35:00,80.90134325
2013-12-04 14:40:00,80.63039214
2013-12-04 14:45:00,82.21095386
2013-12-04 14:50:00,80.81686347
2013-12-04 14:55:00,82.55444217
2013-12-04 15:00:00,82.44111181
2013-12-04 15:05:00,82.15499505
2013-12-04 15:10:00,82.57000445
2013-12-04 15:15:00,82.65327799
2013-12-04 15:20:00,83.17016645
2013-12-04 15:25:00,83.89940482
2013-12-04 15:30:00,83.34087231
2013-12-04 15:35:00,85.33284543
2013-12-04 15:40:00,85.93505505
2013-12-04 15:45:00,85.71260799
2013-12-04 15:50:00,87.38667453
2013-12-04 15:55:00,87.53885279
2013-12-04 16:00:00,89.3910654
2013-12-04 16:05:00,90.39821735
2013-12-04 16:10:00,89.99111759
2013-12-04 16:15:00,92.67881246
2013-12-04 16:20:00,92.17664249
2013-12-04 16:25:00,93.01952015
2013-12-04 16:30:00,94.36744637
2013-12-04 16:35:00,92.10645466
2013-12-04 16:40:00,93.72782704
2013-12-04 16:45:00,92.00929857
2013-12-04 16:50:00,91.78009622
2013-12-04 16:55:00,92.88011059
2013-12-04 17:00:00,91.49568071
2013-12-04 17:05:00,92.16856523
2013-12-04 17:10:00,91.95875727
2013-12-04 17:15:00,91.7865819
2013-12-04 17:20:00,90.8042164
2013-12-04 17:25:00,90.04604107
2013-12-04 17:30:00,89.24455669
2013-12-04 17:35:00,88.97549237
2013-12-04 17:40:00,89.06278767
2013-12-04 17:45:00,89.83434121
2013-12-04 17:50:00,88.75770969
2013-12-04 17:55:00,88.93708576
2013-12-04 18:00:00,89.89472492
2013-12-04 18:05:00,89.75942233
2013-12-04 18:10:00,89.84901477
2013-12-04 18:15:00,89.09228711
2013-12-04 18:20:00,89.28155577
2013-12-04 18:25:00,88.97625236
2013-12-04 18:30:00,88.31911026
2013-12-04 18:35:00,86.89757046
2013-12-04 18:40:00,86.46548218
2013-12-04 18:45:00,87.93127799
2013-12-04 18:50:00,86.14703741
2013-12-04 18:55:00,86.20108694
2013-12-04 19:00:00,84.68833564
2013-12-04 19:05:00,84.55245269
2013-12-04 19:10:00,85.03371137
2013-12-04 19:15:00,84.16566457
2013-12-04 19:20:00,83.41172533
2013-12-04 19:25:00,83.48429814
2013-12-04 19:30:00,84.03467948
2013-12-04 19:35:00,84.02689217
2013-12-04 19:40:00,83.67734936
2013-12-04 19:45:00,82.31388201
2013-12-04 19:50:00,81.0600881
2013-12-04 19:55:00,81.804672
2013-12-04 20:00:00,82.54389631
2013-12-04 20:05:00,81.87183273
2013-12-04 20:10:00,80.99710173
2013-12-04 20:15:00,79.91313421
2013-12-04 20:20:00,81.32479433
2013-12-04 20:25:00,79.94101834
2013-12-04 20:30:00,79.44182803
2013-12-04 20:35:00,79.5319967
2013-12-04 20:40:00,79.58711093
2013-12-04 20:45:00,79.2697328
2013-12-04 20:50:00,81.02489838
2013-12-04 20:55:00,80.60286328
2013-12-04 21:00:00,80.44649158
2013-12-04 21:05:00,81.0739976
2013-12-04 21:10:00,80.13239831
2013-12-04 21:15:00,81.33413076
2013-12-04 21:20:00,79.51232841
2013-12-04 21:25:00,80.50032751
2013-12-04 21:30:00,79.97948954
2013-12-04 21:35:00,79.83015237
2013-12-04 21:40:00,78.96169451
2013-12-04 21:45:00,78.74249219
2013-12-04 21:50:00,77.26466917
2013-12-04 21:55:00,77.86819433
2013-12-04 22:00:00,76.76317722
2013-12-04 22:05:00,78.47627847
2013-12-04 22:10:00,76.77337183
2013-12-04 22:15:00,77.43778372
2013-12-04 22:20:00,77.36030679
2013-12-04 22:25:00,76.11909253
2013-12-04 22:30:00,76.56850919
2013-12-04 22:35:00,76.48572951
2013-12-04 22:40:00,76.4624307
2013-12-04 22:45:00,77.35105191
2013-12-04 22:50:00,77.04228069
2013-12-04 22:55:00,76.28685218
2013-12-04 23:00:00,77.58567673
2013-12-04 23:05:00,78.52005968
2013-12-04 23:10:00,79.65510723
2013-12-04 23:15:00,80.1073755
2013-12-04 23:20:00,79.97991582
2013-12-04 23:25:00,82.09911484
2013-12-04 23:30:00,81.02731208
2013-12-04 23:35:00,82.36891368
2013-12-04 23:40:00,82.43188272
2013-12-04 23:45:00,83.27622491
2013-12-04 23:50:00,81.25979414
2013-12-04 23:55:00,81.76280285
2013-12-05 00:00:00,83.35420453
2013-12-05 00:05:00,82.52295937
2013-12-05 00:10:00,81.85942459
2013-12-05 00:15:00,81.8037868
2013-12-05 00:20:00,82.57528729
2013-12-05 00:25:00,82.90318308
2013-12-05 00:30:00,82.4823319
2013-12-05 00:35:00,83.39210799
2013-12-05 00:40:00,81.37690913
2013-12-05 00:45:00,81.24603216
2013-12-05 00:50:00,82.58037157
2013-12-05 00:55:00,81.87701487
2013-12-05 01:00:00,83.55915859
2013-12-05 01:05:00,81.59858688
2013-12-05 01:10:00,82.74195917
2013-12-05 01:15:00,82.71827429
2013-12-05 01:20:00,82.37771613
2013-12-05 01:25:00,81.72015198
2013-12-05 01:30:00,83.29989108
2013-12-05 01:35:00,83.59659781
2013-12-05 01:40:00,81.56817194
2013-12-05 01:45:00,82.41137405
2013-12-05 01:50:00,82.0728321
2013-12-05 01:55:00,83.58370499
2013-12-05 02:00:00,82.84410371
2013-12-05 02:05:00,82.61618649
2013-12-05 02:10:00,82.16627916
2013-12-05 02:15:00,83.05385388
2013-12-05 02:20:00,83.53246444
2013-12-05 02:25:00,82.9192049
2013-12-05 02:30:00,81.72472683
2013-12-05 02:35:00,82.53245119
2013-12-05 02:40:00,81.89611827
2013-12-05 02:45:00,81.98874197
2013-12-05 02:50:00,83.58350239
2013-12-05 02:55:00,82.17427237
2013-12-05 03:00:00,81.81918517
2013-12-05 03:05:00,82.60145334
2013-12-05 03:10:00,83.08653743
2013-12-05 03:15:00,83.45371038
2013-12-05 03:20:00,81.41285397
2013-12-05 03:25:00,83.3780726
2013-12-05 03:30:00,83.44733584
2013-12-05 03:35:00,81.36004802
2013-12-05 03:40:00,82.68029327
2013-12-05 03:45:00,81.28135587
2013-12-05 03:50:00,82.59111138
2013-12-05 03:55:00,83.41638363
2013-12-05 04:00:00,81.29591751
2013-12-05 04:05:00,83.4138286
2013-12-05 04:10:00,82.49198933
2013-12-05 04:15:00,82.57240851
2013-12-05 04:20:00,82.45706835
2013-12-05 04:25:00,83.02181864
2013-12-05 04:30:00,82.9949833
2013-12-05 04:35:00,81.36656571
2013-12-05 04:40:00,83.13858068
2013-12-05 04:45:00,81.42462484
2013-12-05 04:50:00,83.35504881
2013-12-05 04:55:00,81.910648
2013-12-05 05:00:00,83.0170021
2013-12-05 05:05:00,82.05244367
2013-12-05 05:10:00,82.83126064
2013-12-05 05:15:00,81.24678562
2013-12-05 05:20:00,83.26018551
2013-12-05 05:25:00,82.81812563
2013-12-05 05:30:00,82.57380932
2013-12-05 05:35:00,83.25881041
2013-12-05 05:40:00,81.96180267
2013-12-05 05:45:00,83.17318978
2013-12-05 05:50:00,81.15886951
2013-12-05 05:55:00,81.32888335
2013-12-05 06:00:00,81.55588066
2013-12-05 06:05:00,81.15572913
2013-12-05 06:10:00,82.39145631
2013-12-05 06:15:00,82.79592117
2013-12-05 06:20:00,81.6032361
2013-12-05 06:25:00,80.78482374
2013-12-05 06:30:00,82.11687886
2013-12-05 06:35:00,81.59395516
2013-12-05 06:40:00,80.46205735
2013-12-05 06:45:00,81.63122296
2013-12-05 06:50:00,80.9116303
2013-12-05 06:55:00,80.96090416
2013-12-05 07:00:00,80.98651656
2013-12-05 07:05:00,80.35888865
2013-12-05 07:10:00,81.20873088
2013-12-05 07:15:00,79.76408824
2013-12-05 07:20:00,79.36749096
2013-12-05 07:25:00,79.26593447
2013-12-05 07:30:00,80.99917163
2013-12-05 07:35:00,80.81986767
2013-12-05 07:40:00,79.78727467
2013-12-05 07:45:00,80.5835448
2013-12-05 07:50:00,79.55970927
2013-12-05 07:55:00,79.14382863
2013-12-05 08:00:00,79.24067463
2013-12-05 08:05:00,79.75050588
2013-12-05 08:10:00,78.98503793
2013-12-05 08:15:00,78.36282324
2013-12-05 08:20:00,77.61413984
2013-12-05 08:25:00,77.09164148
2013-12-05 08:30:00,77.54778688
2013-12-05 08:35:00,75.63533675
2013-12-05 08:40:00,74.70018313
2013-12-05 08:45:00,74.51646326
2013-12-05 08:50:00,75.30499262
2013-12-05 08:55:00,72.81869102
2013-12-05 09:00:00,72.28588755
2013-12-05 09:05:00,72.35833424
2013-12-05 09:10:00,73.0915299
2013-12-05 09:15:00,71.97335021
2013-12-05 09:20:00,71.74196073
2013-12-05 09:25:00,72.16491961
2013-12-05 09:30:00,71.66124999
2013-12-05 09:35:00,70.67506293
2013-12-05 09:40:00,71.78321277
2013-12-05 09:45:00,70.28077567
2013-12-05 09:50:00,71.23651301
2013-12-05 09:55:00,70.58110925
2013-12-05 10:00:00,71.05323234
2013-12-05 10:05:00,70.47337195
2013-12-05 10:10:00,70.63797296
2013-12-05 10:15:00,69.93597686
2013-12-05 10:20:00,71.35572643
2013-12-05 10:25:00,69.69336818
2013-12-05 10:30:00,71.15766235
2013-12-05 10:35:00,71.13846278
2013-12-05 10:40:00,69.62328485
2013-12-05 10:45:00,69.68256606
2013-12-05 10:50:00,69.80759885
2013-12-05 10:55:00,69.84044814
2013-12-05 11:00:00,70.49005644
2013-12-05 11:05:00,70.330021
2013-12-05 11:10:00,69.7909485
2013-12-05 11:15:00,70.00041405
2013-12-05 11:20:00,69.05827941
2013-12-05 11:25:00,70.53826985
2013-12-05 11:30:00,69.50115203
2013-12-05 11:35:00,69.18727154
2013-12-05 11:40:00,68.56075448
2013-12-05 11:45:00,67.6850383
2013-12-05 11:50:00,69.11590531
2013-12-05 11:55:00,67.40884136
2013-12-05 12:00:00,67.476989
2013-12-05 12:05:00,68.06586236
2013-12-05 12:10:00,66.35827559
2013-12-05 12:15:00,67.66058046
2013-12-05 12:20:00,66.76743976
2013-12-05 12:25:00,65.89982104
2013-12-05 12:30:00,67.14852567
2013-12-05 12:35:00,66.94671285
2013-12-05 12:40:00,66.32091505
2013-12-05 12:45:00,65.76653616
2013-12-05 12:50:00,64.3515384
2013-12-05 12:55:00,65.78693625
2013-12-05 13:00:00,64.25303232
2013-12-05 13:05:00,64.08989013
2013-12-05 13:10:00,65.05212543
2013-12-05 13:15:00,65.16487331
2013-12-05 13:20:00,65.86879167
2013-12-05 13:25:00,66.77942753
2013-12-05 13:30:00,68.6582382
2013-12-05 13:35:00,68.08382094
2013-12-05 13:40:00,70.45875683
2013-12-05 13:45:00,72.26965532
2013-12-05 13:50:00,73.43660798
2013-12-05 13:55:00,72.66751598
2013-12-05 14:00:00,73.89541781
2013-12-05 14:05:00,74.60362117
2013-12-05 14:10:00,76.8452298
2013-12-05 14:15:00,75.71426817
2013-12-05 14:20:00,76.60785243
2013-12-05 14:25:00,76.93415347
2013-12-05 14:30:00,77.58514233
2013-12-05 14:35:00,77.22425719
2013-12-05 14:40:00,76.05232869
2013-12-05 14:45:00,74.52795039
2013-12-05 14:50:00,74.02143608
2013-12-05 14:55:00,74.68174206
2013-12-05 15:00:00,73.58860696
2013-12-05 15:05:00,73.52037199
2013-12-05 15:10:00,71.21106021
2013-12-05 15:15:00,71.9251836
2013-12-05 15:20:00,70.90511946
2013-12-05 15:25:00,68.49168005
2013-12-05 15:30:00,68.78031658
2013-12-05 15:35:00,68.66293885
2013-12-05 15:40:00,67.39454678
2013-12-05 15:45:00,66.60664005
2013-12-05 15:50:00,65.61327929
2013-12-05 15:55:00,64.56349701
2013-12-05 16:00:00,63.28974329
2013-12-05 16:05:00,63.28361665
2013-12-05 16:10:00,61.58298516
2013-12-05 16:15:00,60.82411582
2013-12-05 16:20:00,61.3940652
2013-12-05 16:25:00,60.11903873
2013-12-05 16:30:00,59.99923502
2013-12-05 16:35:00,61.12918756
2013-12-05 16:40:00,61.36189498
2013-12-05 16:45:00,60.47558897
2013-12-05 16:50:00,60.67434851
2013-12-05 16:55:00,59.66856035
2013-12-05 17:00:00,60.450004
2013-12-05 17:05:00,60.80958974
2013-12-05 17:10:00,59.64651164
2013-12-05 17:15:00,59.54190124
2013-12-05 17:20:00,60.1524991
2013-12-05 17:25:00,60.17481249
2013-12-05 17:30:00,58.24862344
2013-12-05 17:35:00,59.74236722
2013-12-05 17:40:00,58.22633431
2013-12-05 17:45:00,58.3855254
2013-12-05 17:50:00,57.14889801
2013-12-05 17:55:00,57.78556067
2013-12-05 18:00:00,57.09208687
2013-12-05 18:05:00,58.39042981
2013-12-05 18:10:00,56.55757397
2013-12-05 18:15:00,58.05195686
2013-12-05 18:20:00,57.14054744
2013-12-05 18:25:00,57.55458171
2013-12-05 18:30:00,57.7467974
2013-12-05 18:35:00,56.24537782
2013-12-05 18:40:00,57.78431077
2013-12-05 18:45:00,57.54979774
2013-12-05 18:50:00,55.62290214
2013-12-05 18:55:00,56.95010972
2013-12-05 19:00:00,56.90507469
2013-12-05 19:05:00,56.27583477
2013-12-05 19:10:00,56.77215799
2013-12-05 19:15:00,55.06048213
2013-12-05 19:20:00,55.59128069
2013-12-05 19:25:00,54.1752324
2013-12-05 19:30:00,54.10044932
2013-12-05 19:35:00,55.7142578
2013-12-05 19:40:00,54.48448692
2013-12-05 19:45:00,54.28460214
2013-12-05 19:50:00,53.49095412
2013-12-05 19:55:00,53.83973553
2013-12-05 20:00:00,53.21226224
2013-12-05 20:05:00,54.30013819
2013-12-05 20:10:00,52.69490606
2013-12-05 20:15:00,54.52217181
2013-12-05 20:20:00,53.39950217
2013-12-05 20:25:00,53.76591516
2013-12-05 20:30:00,55.48784973
2013-12-05 20:35:00,58.38399867
2013-12-05 20:40:00,60.82231136
2013-12-05 20:45:00,62.91385509
2013-12-05 20:50:00,63.24062362
2013-12-05 20:55:00,65.1333974
2013-12-05 21:00:00,65.13108334
2013-12-05 21:05:00,63.75501432
2013-12-05 21:10:00,65.98616848
2013-12-05 21:15:00,64.59238537
2013-12-05 21:20:00,66.02308663
2013-12-05 21:25:00,64.22520873
2013-12-05 21:30:00,65.30499142
2013-12-05 21:35:00,64.81862084
2013-12-05 21:40:00,65.37620261
2013-12-05 21:45:00,67.23300451
2013-12-05 21:50:00,68.0215815
2013-12-05 21:55:00,70.3264255
2013-12-05 22:00:00,72.04798826
2013-12-05 22:05:00,70.07075146
2013-12-05 22:10:00,71.45767329
2013-12-05 22:15:00,70.0629783
2013-12-05 22:20:00,70.83555336
2013-12-05 22:25:00,70.29964073
2013-12-05 22:30:00,70.06636171
2013-12-05 22:35:00,68.29009644
2013-12-05 22:40:00,67.72633586
2013-12-05 22:45:00,68.12959604
2013-12-05 22:50:00,69.09482717
2013-12-05 22:55:00,71.6819387
2013-12-05 23:00:00,72.63361488
2013-12-05 23:05:00,74.68915944
2013-12-05 23:10:00,75.3279834
2013-12-05 23:15:00,77.82645677
2013-12-05 23:20:00,78.07905579
2013-12-05 23:25:00,77.90171939
2013-12-05 23:30:00,78.38328489
2013-12-05 23:35:00,80.10658254
2013-12-05 23:40:00,77.99680051
2013-12-05 23:45:00,79.30386819
2013-12-05 23:50:00,80.05529151
2013-12-05 23:55:00,80.78756045
2013-12-06 00:00:00,80.31264012
2013-12-06 00:05:00,79.66953128
2013-12-06 00:10:00,80.81405686
2013-12-06 00:15:00,80.50669086
2013-12-06 00:20:00,80.22910207
2013-12-06 00:25:00,81.20467883
2013-12-06 00:30:00,80.28832197
2013-12-06 00:35:00,80.53516842
2013-12-06 00:40:00,81.80354219
2013-12-06 00:45:00,82.8386627
2013-12-06 00:50:00,81.94678053
2013-12-06 00:55:00,82.74989778
2013-12-06 01:00:00,83.47587378
2013-12-06 01:05:00,83.67322406
2013-12-06 01:10:00,82.55316396
2013-12-06 01:15:00,83.0079108
2013-12-06 01:20:00,84.49061689
2013-12-06 01:25:00,83.92031306
2013-12-06 01:30:00,84.40340024
2013-12-06 01:35:00,83.73743803
2013-12-06 01:40:00,84.04370267
2013-12-06 01:45:00,84.35318899
2013-12-06 01:50:00,83.83828123
2013-12-06 01:55:00,85.93011866
2013-12-06 02:00:00,84.40460814
2013-12-06 02:05:00,84.38927282
2013-12-06 02:10:00,85.31473236
2013-12-06 02:15:00,85.75698337
2013-12-06 02:20:00,84.53993477
2013-12-06 02:25:00,86.04609802
2013-12-06 02:30:00,84.81274419
2013-12-06 02:35:00,85.30419785
2013-12-06 02:40:00,84.65094866
2013-12-06 02:45:00,84.59690608
2013-12-06 02:50:00,84.12060871
2013-12-06 02:55:00,84.55255978
2013-12-06 03:00:00,84.67308873
2013-12-06 03:05:00,84.67499509
2013-12-06 03:10:00,84.98545756
2013-12-06 03:15:00,84.29595954
2013-12-06 03:20:00,84.08710444
2013-12-06 03:25:00,85.16101352
2013-12-06 03:30:00,86.1419467
2013-12-06 03:35:00,85.16826676
2013-12-06 03:40:00,86.02786823
2013-12-06 03:45:00,85.03961453
2013-12-06 03:50:00,84.72047996
2013-12-06 03:55:00,84.35793793
2013-12-06 04:00:00,84.92830219
2013-12-06 04:05:00,85.79966719
2013-12-06 04:10:00,84.76603887
2013-12-06 04:15:00,84.11658401
2013-12-06 04:20:00,85.81920004
2013-12-06 04:25:00,84.81184829
2013-12-06 04:30:00,85.80186344
2013-12-06 04:35:00,85.46634207
2013-12-06 04:40:00,86.05691524
2013-12-06 04:45:00,85.60646495
2013-12-06 04:50:00,85.93829897
2013-12-06 04:55:00,84.6321135
2013-12-06 05:00:00,85.19901937
2013-12-06 05:05:00,84.84295282
2013-12-06 05:10:00,86.01090909
2013-12-06 05:15:00,85.71160468
2013-12-06 05:20:00,85.17123249
2013-12-06 05:25:00,85.91434138
2013-12-06 05:30:00,86.3035418
2013-12-06 05:35:00,86.33521479
2013-12-06 05:40:00,85.04888203
2013-12-06 05:45:00,85.26798304
2013-12-06 05:50:00,85.03278368
2013-12-06 05:55:00,85.64819486
2013-12-06 06:00:00,84.0761445
2013-12-06 06:05:00,84.93025619
2013-12-06 06:10:00,86.21059458
2013-12-06 06:15:00,86.27074903
2013-12-06 06:20:00,84.37165492
2013-12-06 06:25:00,84.7932213
2013-12-06 06:30:00,85.0646978
2013-12-06 06:35:00,85.21848109
2013-12-06 06:40:00,85.52062843
2013-12-06 06:45:00,86.17214333
2013-12-06 06:50:00,85.63729394
2013-12-06 06:55:00,84.62820324
2013-12-06 07:00:00,84.44420509
2013-12-06 07:05:00,84.20215183
2013-12-06 07:10:00,84.67124549
2013-12-06 07:15:00,84.30404699
2013-12-06 07:20:00,85.03999937
2013-12-06 07:25:00,86.20609056
2013-12-06 07:30:00,86.79495911
2013-12-06 07:35:00,85.49449029
2013-12-06 07:40:00,86.95350773
2013-12-06 07:45:00,85.60955634
2013-12-06 07:50:00,85.8643435
2013-12-06 07:55:00,86.12905779
2013-12-06 08:00:00,85.8878703
2013-12-06 08:05:00,85.61007825
2013-12-06 08:10:00,86.04642382
2013-12-06 08:15:00,87.60148663
2013-12-06 08:20:00,86.58979626
2013-12-06 08:25:00,87.10489522
2013-12-06 08:30:00,87.9675719
2013-12-06 08:35:00,87.68165216
2013-12-06 08:40:00,86.99811962
2013-12-06 08:45:00,86.61335536
2013-12-06 08:50:00,87.44517028
2013-12-06 08:55:00,86.75563143
2013-12-06 09:00:00,88.48422213
2013-12-06 09:05:00,88.27812502
2013-12-06 09:10:00,88.5421577
2013-12-06 09:15:00,88.99382002
2013-12-06 09:20:00,88.66177318
2013-12-06 09:25:00,89.58667061
2013-12-06 09:30:00,87.36310353
2013-12-06 09:35:00,89.80438353
2013-12-06 09:40:00,89.34921059
2013-12-06 09:45:00,88.39352483
2013-12-06 09:50:00,88.29760686
2013-12-06 09:55:00,88.20047462
2013-12-06 10:00:00,89.72035301
2013-12-06 10:05:00,89.94821983
2013-12-06 10:10:00,88.21227381
2013-12-06 10:15:00,88.65621567
2013-12-06 10:20:00,88.4299984
2013-12-06 10:25:00,87.82673372
2013-12-06 10:30:00,88.9410603
2013-12-06 10:35:00,87.80621485
2013-12-06 10:40:00,88.058076
2013-12-06 10:45:00,88.27469445
2013-12-06 10:50:00,88.23123178
2013-12-06 10:55:00,88.17457953
2013-12-06 11:00:00,88.12694043
2013-12-06 11:05:00,88.78693322
2013-12-06 11:10:00,86.73094703
2013-12-06 11:15:00,88.03635826
2013-12-06 11:20:00,86.27756404
2013-12-06 11:25:00,88.05065597
2013-12-06 11:30:00,86.10277143
2013-12-06 11:35:00,87.81933816
2013-12-06 11:40:00,85.28407189
2013-12-06 11:45:00,85.64068248
2013-12-06 11:50:00,85.75392203
2013-12-06 11:55:00,85.28143374
2013-12-06 12:00:00,86.35431704
2013-12-06 12:05:00,84.09042512
2013-12-06 12:10:00,84.46185928
2013-12-06 12:15:00,84.20637419
2013-12-06 12:20:00,83.91135038
2013-12-06 12:25:00,84.6881581
2013-12-06 12:30:00,84.3439427
2013-12-06 12:35:00,82.49697873
2013-12-06 12:40:00,84.52926473
2013-12-06 12:45:00,83.37403945
2013-12-06 12:50:00,83.95488155
2013-12-06 12:55:00,82.60273164
2013-12-06 13:00:00,82.66074408
2013-12-06 13:05:00,82.85787559
2013-12-06 13:10:00,80.95227787
2013-12-06 13:15:00,80.98443162
2013-12-06 13:20:00,81.32783573
2013-12-06 13:25:00,81.60800265
2013-12-06 13:30:00,81.61744931
2013-12-06 13:35:00,81.71424494
2013-12-06 13:40:00,81.19061515
2013-12-06 13:45:00,81.15347093
2013-12-06 13:50:00,80.82253465
2013-12-06 13:55:00,80.542235
2013-12-06 14:00:00,82.25503814
2013-12-06 14:05:00,81.71091559
2013-12-06 14:10:00,80.39807257
2013-12-06 14:15:00,82.18909602
2013-12-06 14:20:00,81.9818427
2013-12-06 14:25:00,81.74069573
2013-12-06 14:30:00,82.53948263
2013-12-06 14:35:00,81.42354689
2013-12-06 14:40:00,82.73216401
2013-12-06 14:45:00,81.0530613
2013-12-06 14:50:00,82.15409042
2013-12-06 14:55:00,82.71116634
2013-12-06 15:00:00,81.20869774
2013-12-06 15:05:00,81.43203023
2013-12-06 15:10:00,83.23610498
2013-12-06 15:15:00,81.67275906
2013-12-06 15:20:00,83.44254236
2013-12-06 15:25:00,83.19842129
2013-12-06 15:30:00,82.6301235
2013-12-06 15:35:00,83.85803576
2013-12-06 15:40:00,83.34190639
2013-12-06 15:45:00,83.07497171
2013-12-06 15:50:00,83.04347383
2013-12-06 15:55:00,84.34675079
2013-12-06 16:00:00,83.76773769
2013-12-06 16:05:00,84.28919399
2013-12-06 16:10:00,82.98573386
2013-12-06 16:15:00,83.33136165
2013-12-06 16:20:00,84.23313069
2013-12-06 16:25:00,84.14906171
2013-12-06 16:30:00,84.3910635
2013-12-06 16:35:00,83.16230454
2013-12-06 16:40:00,84.37571128
2013-12-06 16:45:00,85.52927525
2013-12-06 16:50:00,85.51070893
2013-12-06 16:55:00,85.59265021
2013-12-06 17:00:00,83.97028255
2013-12-06 17:05:00,83.8271506
2013-12-06 17:10:00,85.33631999
2013-12-06 17:15:00,84.93937528
2013-12-06 17:20:00,85.13754478
2013-12-06 17:25:00,85.46997707
2013-12-06 17:30:00,86.02853614
2013-12-06 17:35:00,84.62753464
2013-12-06 17:40:00,84.77474672
2013-12-06 17:45:00,84.96647919
2013-12-06 17:50:00,86.98474479
2013-12-06 17:55:00,84.90993755
2013-12-06 18:00:00,85.6854795
2013-12-06 18:05:00,85.56072314
2013-12-06 18:10:00,87.06448114
2013-12-06 18:15:00,87.2192587
2013-12-06 18:20:00,86.83488181
2013-12-06 18:25:00,85.8706519
2013-12-06 18:30:00,87.39075374
2013-12-06 18:35:00,87.87400742
2013-12-06 18:40:00,87.98036142
2013-12-06 18:45:00,86.88756344
2013-12-06 18:50:00,88.29902134
2013-12-06 18:55:00,86.47068631
2013-12-06 19:00:00,88.44710986
2013-12-06 19:05:00,88.86900905
2013-12-06 19:10:00,86.86429463
2013-12-06 19:15:00,88.7741792
2013-12-06 19:20:00,88.53532508
2013-12-06 19:25:00,88.58455406
2013-12-06 19:30:00,88.03181678
2013-12-06 19:35:00,87.37964716
2013-12-06 19:40:00,89.12754709
2013-12-06 19:45:00,89.58472475
2013-12-06 19:50:00,89.50472487
2013-12-06 19:55:00,88.69252479
2013-12-06 20:00:00,88.00120907
2013-12-06 20:05:00,88.49583437
2013-12-06 20:10:00,89.02886659
2013-12-06 20:15:00,89.09006685
2013-12-06 20:20:00,88.55876416
2013-12-06 20:25:00,89.00308732
2013-12-06 20:30:00,88.75119017
2013-12-06 20:35:00,89.85619338
2013-12-06 20:40:00,90.53936388
2013-12-06 20:45:00,90.05979756
2013-12-06 20:50:00,88.5098847
2013-12-06 20:55:00,88.38809597
2013-12-06 21:00:00,89.11822689
2013-12-06 21:05:00,88.92456894
2013-12-06 21:10:00,90.19279817
2013-12-06 21:15:00,88.91325441
2013-12-06 21:20:00,89.17577509
2013-12-06 21:25:00,89.32364442
2013-12-06 21:30:00,89.58497995
2013-12-06 21:35:00,89.45203783
2013-12-06 21:40:00,90.20751452
2013-12-06 21:45:00,90.18090501
2013-12-06 21:50:00,89.01108155
2013-12-06 21:55:00,88.6339473
2013-12-06 22:00:00,88.84455412
2013-12-06 22:05:00,89.93175648
2013-12-06 22:10:00,90.24756688
2013-12-06 22:15:00,89.85241481
2013-12-06 22:20:00,89.70331337
2013-12-06 22:25:00,90.38717115
2013-12-06 22:30:00,89.38548903
2013-12-06 22:35:00,89.19804732
2013-12-06 22:40:00,89.66383968
2013-12-06 22:45:00,90.03627127
2013-12-06 22:50:00,88.8106855
2013-12-06 22:55:00,88.77914918
2013-12-06 23:00:00,90.59731407
2013-12-06 23:05:00,90.38459105
2013-12-06 23:10:00,90.27709428
2013-12-06 23:15:00,89.69966583
2013-12-06 23:20:00,89.8321473
2013-12-06 23:25:00,89.1249876
2013-12-06 23:30:00,90.21347699
2013-12-06 23:35:00,90.40198388
2013-12-06 23:40:00,89.52444534
2013-12-06 23:45:00,88.28771451
2013-12-06 23:50:00,88.78104478
2013-12-06 23:55:00,89.81385655
2013-12-07 00:00:00,90.54354611
2013-12-07 00:05:00,89.18963413
2013-12-07 00:10:00,89.88696663
2013-12-07 00:15:00,89.00938998
2013-12-07 00:20:00,89.69868985
2013-12-07 00:25:00,89.02730989
2013-12-07 00:30:00,90.53871154
2013-12-07 00:35:00,89.0411713
2013-12-07 00:40:00,88.26541557
2013-12-07 00:45:00,88.836895
2013-12-07 00:50:00,90.04037637
2013-12-07 00:55:00,88.98497367
2013-12-07 01:00:00,89.12950543
2013-12-07 01:05:00,89.76387557
2013-12-07 01:10:00,89.59247781
2013-12-07 01:15:00,89.60651619
2013-12-07 01:20:00,89.86910912
2013-12-07 01:25:00,89.31410296
2013-12-07 01:30:00,88.42457612
2013-12-07 01:35:00,89.00409318
2013-12-07 01:40:00,90.30481698
2013-12-07 01:45:00,88.47245641
2013-12-07 01:50:00,90.05749869
2013-12-07 01:55:00,89.84264695
2013-12-07 02:00:00,90.56839105
2013-12-07 02:05:00,90.47793511
2013-12-07 02:10:00,88.98365961
2013-12-07 02:15:00,89.48298079
2013-12-07 02:20:00,89.37261591
2013-12-07 02:25:00,88.68721107
2013-12-07 02:30:00,89.64205732
2013-12-07 02:35:00,89.11196166
2013-12-07 02:40:00,90.43507567
2013-12-07 02:45:00,89.49850537
2013-12-07 02:50:00,89.03132305
2013-12-07 02:55:00,88.66577541
2013-12-07 03:00:00,89.69495751
2013-12-07 03:05:00,88.86383288
2013-12-07 03:10:00,90.46603971
2013-12-07 03:15:00,90.02842538
2013-12-07 03:20:00,90.1880513
2013-12-07 03:25:00,90.38719189
2013-12-07 03:30:00,90.54951315
2013-12-07 03:35:00,89.85459788
2013-12-07 03:40:00,90.54908392
2013-12-07 03:45:00,90.19243266
2013-12-07 03:50:00,89.00019337
2013-12-07 03:55:00,88.60728448
2013-12-07 04:00:00,90.18718696
2013-12-07 04:05:00,90.22298132
2013-12-07 04:10:00,89.67396594
2013-12-07 04:15:00,88.47693609
2013-12-07 04:20:00,88.80178324
2013-12-07 04:25:00,89.17223929
2013-12-07 04:30:00,88.07897493
2013-12-07 04:35:00,89.51557819
2013-12-07 04:40:00,88.58112033
2013-12-07 04:45:00,89.65512389
2013-12-07 04:50:00,87.58349617
2013-12-07 04:55:00,88.15463289
2013-12-07 05:00:00,88.94216541
2013-12-07 05:05:00,87.6035372
2013-12-07 05:10:00,86.82973436
2013-12-07 05:15:00,87.72413211
2013-12-07 05:20:00,88.17258
2013-12-07 05:25:00,86.50686723
2013-12-07 05:30:00,86.6537377
2013-12-07 05:35:00,88.33981078
2013-12-07 05:40:00,88.45365078
2013-12-07 05:45:00,87.09487731
2013-12-07 05:50:00,86.19807165
2013-12-07 05:55:00,86.62688202
2013-12-07 06:00:00,87.561961
2013-12-07 06:05:00,87.33392916
2013-12-07 06:10:00,85.94871551
2013-12-07 06:15:00,86.27192087
2013-12-07 06:20:00,85.59055932
2013-12-07 06:25:00,87.5574243
2013-12-07 06:30:00,86.43693924
2013-12-07 06:35:00,87.17773568
2013-12-07 06:40:00,85.67629967
2013-12-07 06:45:00,86.09326253
2013-12-07 06:50:00,85.73722323
2013-12-07 06:55:00,84.97270804
2013-12-07 07:00:00,86.68389485
2013-12-07 07:05:00,86.31263598
2013-12-07 07:10:00,84.34077512
2013-12-07 07:15:00,84.7145816
2013-12-07 07:20:00,84.69006154
2013-12-07 07:25:00,84.91727527
2013-12-07 07:30:00,85.68990816
2013-12-07 07:35:00,86.06375035
2013-12-07 07:40:00,87.11179901
2013-12-07 07:45:00,86.77471349
2013-12-07 07:50:00,86.13672677
2013-12-07 07:55:00,86.41969066
2013-12-07 08:00:00,87.83453285
2013-12-07 08:05:00,87.95787732
2013-12-07 08:10:00,88.97287392
2013-12-07 08:15:00,87.70083918
2013-12-07 08:20:00,88.07960306
2013-12-07 08:25:00,87.8145492
2013-12-07 08:30:00,89.29051364
2013-12-07 08:35:00,88.55026479
2013-12-07 08:40:00,89.44282875
2013-12-07 08:45:00,89.14220145
2013-12-07 08:50:00,89.98481547
2013-12-07 08:55:00,90.41325986
2013-12-07 09:00:00,90.97655886
2013-12-07 09:05:00,90.17952017
2013-12-07 09:10:00,90.36155683
2013-12-07 09:15:00,92.70477032
2013-12-07 09:20:00,91.37251011
2013-12-07 09:25:00,92.25345502
2013-12-07 09:30:00,92.36178941
2013-12-07 09:35:00,90.35382349
2013-12-07 09:40:00,91.14623339
2013-12-07 09:45:00,89.90100251
2013-12-07 09:50:00,89.79607707
2013-12-07 09:55:00,87.61667592
2013-12-07 10:00:00,89.04056159
2013-12-07 10:05:00,86.49196308
2013-12-07 10:10:00,85.88450585
2013-12-07 10:15:00,85.93246392
2013-12-07 10:20:00,85.96463641
2013-12-07 10:25:00,84.18465674
2013-12-07 10:30:00,85.43090742
2013-12-07 10:35:00,84.40214989
2013-12-07 10:40:00,84.15026516
2013-12-07 10:45:00,82.40372204
2013-12-07 10:50:00,81.91440498
2013-12-07 10:55:00,81.893784
2013-12-07 11:00:00,80.91167786
2013-12-07 11:05:00,79.29114904
2013-12-07 11:10:00,80.30504314
2013-12-07 11:15:00,80.11661545
2013-12-07 11:20:00,79.25563728
2013-12-07 11:25:00,79.51399281
2013-12-07 11:30:00,78.97906373
2013-12-07 11:35:00,78.5039027
2013-12-07 11:40:00,78.04365349
2013-12-07 11:45:00,78.66305553
2013-12-07 11:50:00,77.86483605
2013-12-07 11:55:00,76.47873504
2013-12-07 12:00:00,77.42829998
2013-12-07 12:05:00,76.29156361
2013-12-07 12:10:00,76.97425875
2013-12-07 12:15:00,75.80671939
2013-12-07 12:20:00,74.38138161
2013-12-07 12:25:00,75.02540318
2013-12-07 12:30:00,74.02520067
2013-12-07 12:35:00,74.9027469
2013-12-07 12:40:00,74.62257438
2013-12-07 12:45:00,72.37723298
2013-12-07 12:50:00,72.54924689
2013-12-07 12:55:00,73.79459427
2013-12-07 13:00:00,73.33293528
2013-12-07 13:05:00,74.38012896
2013-12-07 13:10:00,76.78844325
2013-12-07 13:15:00,78.04525536
2013-12-07 13:20:00,79.80070025
2013-12-07 13:25:00,80.09102362
2013-12-07 13:30:00,82.12245773
2013-12-07 13:35:00,80.17627288
2013-12-07 13:40:00,80.45832414
2013-12-07 13:45:00,80.22144457
2013-12-07 13:50:00,81.35081774
2013-12-07 13:55:00,81.45636461
2013-12-07 14:00:00,82.1755507
2013-12-07 14:05:00,80.97713198
2013-12-07 14:10:00,81.69944119
2013-12-07 14:15:00,81.48721622
2013-12-07 14:20:00,82.8414742
2013-12-07 14:25:00,82.14404457
2013-12-07 14:30:00,82.05507345
2013-12-07 14:35:00,82.00350369
2013-12-07 14:40:00,81.8547879
2013-12-07 14:45:00,83.96317936
2013-12-07 14:50:00,83.69586977
2013-12-07 14:55:00,83.33519928
2013-12-07 15:00:00,83.26142102
2013-12-07 15:05:00,85.05118793
2013-12-07 15:10:00,85.15758453
2013-12-07 15:15:00,84.59163381
2013-12-07 15:20:00,84.55620777
2013-12-07 15:25:00,84.43134739
2013-12-07 15:30:00,84.7585872
2013-12-07 15:35:00,86.91936064
2013-12-07 15:40:00,87.08742813
2013-12-07 15:45:00,87.1606577
2013-12-07 15:50:00,86.00215436
2013-12-07 15:55:00,87.24123207
2013-12-07 16:00:00,88.6692258
2013-12-07 16:05:00,87.53758241
2013-12-07 16:10:00,87.70179365
2013-12-07 16:15:00,87.94859675
2013-12-07 16:20:00,87.53543077
2013-12-07 16:25:00,86.91705511
2013-12-07 16:30:00,87.53643105
2013-12-07 16:35:00,88.96482698
2013-12-07 16:40:00,88.7672073
2013-12-07 16:45:00,87.13322046
2013-12-07 16:50:00,88.16209798
2013-12-07 16:55:00,89.10323597
2013-12-07 17:00:00,87.7312246
2013-12-07 17:05:00,88.81087144
2013-12-07 17:10:00,87.69451084
2013-12-07 17:15:00,87.91648949
2013-12-07 17:20:00,88.82373791
2013-12-07 17:25:00,88.58497249
2013-12-07 17:30:00,88.90195969
2013-12-07 17:35:00,88.02582114
2013-12-07 17:40:00,88.46875767
2013-12-07 17:45:00,88.66723492
2013-12-07 17:50:00,86.81705861
2013-12-07 17:55:00,88.34260041
2013-12-07 18:00:00,88.17309644
2013-12-07 18:05:00,88.34981142
2013-12-07 18:10:00,88.55311502
2013-12-07 18:15:00,88.40919127
2013-12-07 18:20:00,88.23069011
2013-12-07 18:25:00,87.32042436
2013-12-07 18:30:00,87.06825802
2013-12-07 18:35:00,87.17001194
2013-12-07 18:40:00,86.8638459
2013-12-07 18:45:00,87.9441243
2013-12-07 18:50:00,87.11446235
2013-12-07 18:55:00,87.71007478
2013-12-07 19:00:00,87.25783029
2013-12-07 19:05:00,88.9236537
2013-12-07 19:10:00,89.13400444
2013-12-07 19:15:00,87.42598987
2013-12-07 19:20:00,89.18644724
2013-12-07 19:25:00,88.43065101
2013-12-07 19:30:00,86.92040117
2013-12-07 19:35:00,87.3861871
2013-12-07 19:40:00,88.51572349
2013-12-07 19:45:00,87.9521473
2013-12-07 19:50:00,88.31877256
2013-12-07 19:55:00,88.31296588
2013-12-07 20:00:00,88.84307451
2013-12-07 20:05:00,88.85688052
2013-12-07 20:10:00,88.87974831
2013-12-07 20:15:00,87.53003449
2013-12-07 20:20:00,88.97427693
2013-12-07 20:25:00,88.4253838
2013-12-07 20:30:00,87.56551921
2013-12-07 20:35:00,88.93696132
2013-12-07 20:40:00,89.13680205
2013-12-07 20:45:00,88.91489118
2013-12-07 20:50:00,88.70553776
2013-12-07 20:55:00,87.0655928
2013-12-07 21:00:00,87.03024718
2013-12-07 21:05:00,88.92088933
2013-12-07 21:10:00,87.39223473
2013-12-07 21:15:00,87.6049203
2013-12-07 21:20:00,88.20550889
2013-12-07 21:25:00,88.12504648
2013-12-07 21:30:00,88.96733156
2013-12-07 21:35:00,87.70025442
2013-12-07 21:40:00,87.6325708
2013-12-07 21:45:00,86.88859599
2013-12-07 21:50:00,88.9406052
2013-12-07 21:55:00,88.3258582
2013-12-07 22:00:00,88.41512979
2013-12-07 22:05:00,87.96213226
2013-12-07 22:10:00,86.94087849
2013-12-07 22:15:00,87.28189652
2013-12-07 22:20:00,88.03889936
2013-12-07 22:25:00,87.16218799
2013-12-07 22:30:00,87.54427551
2013-12-07 22:35:00,87.64377173
2013-12-07 22:40:00,88.47162673
2013-12-07 22:45:00,87.97656973
2013-12-07 22:50:00,88.6454738
2013-12-07 22:55:00,89.15128453
2013-12-07 23:00:00,89.14814557
2013-12-07 23:05:00,88.53521455
2013-12-07 23:10:00,88.71018655
2013-12-07 23:15:00,88.2851289
2013-12-07 23:20:00,89.46668494
2013-12-07 23:25:00,89.86449139
2013-12-07 23:30:00,88.92682554
2013-12-07 23:35:00,88.49875879
2013-12-07 23:40:00,87.99024947
2013-12-07 23:45:00,88.50977326
2013-12-07 23:50:00,88.5025968
2013-12-07 23:55:00,88.18132977
2013-12-08 00:00:00,90.06882788
2013-12-08 00:05:00,88.62374344
2013-12-08 00:10:00,88.78552161
2013-12-08 00:15:00,89.57189108
2013-12-08 00:20:00,89.90010855
2013-12-08 00:25:00,89.85103747
2013-12-08 00:30:00,89.42456643
2013-12-08 00:35:00,88.42628816
2013-12-08 00:40:00,90.18260878
2013-12-08 00:45:00,89.65595455
2013-12-08 00:50:00,89.02931366
2013-12-08 00:55:00,90.18388933
2013-12-08 01:00:00,89.52397499
2013-12-08 01:05:00,88.56234792
2013-12-08 01:10:00,89.91035336
2013-12-08 01:15:00,89.52715972
2013-12-08 01:20:00,88.71538595
2013-12-08 01:25:00,88.52563375
2013-12-08 01:30:00,88.34733928
2013-12-08 01:35:00,89.33236971
2013-12-08 01:40:00,89.45117068
2013-12-08 01:45:00,90.04973502
2013-12-08 01:50:00,88.53158132
2013-12-08 01:55:00,88.60854996
2013-12-08 02:00:00,89.44943331
2013-12-08 02:05:00,88.34009822
2013-12-08 02:10:00,89.18341649
2013-12-08 02:15:00,89.91287775
2013-12-08 02:20:00,88.66128008
2013-12-08 02:25:00,90.39332388
2013-12-08 02:30:00,89.49843578
2013-12-08 02:35:00,88.98167684
2013-12-08 02:40:00,89.27433469
2013-12-08 02:45:00,88.83622182
2013-12-08 02:50:00,89.98566332
2013-12-08 02:55:00,89.02222355
2013-12-08 03:00:00,88.6824523
2013-12-08 03:05:00,90.28620146
2013-12-08 03:10:00,88.64079754
2013-12-08 03:15:00,89.3715865
2013-12-08 03:20:00,89.2962611
2013-12-08 03:25:00,88.70035169
2013-12-08 03:30:00,89.03836503
2013-12-08 03:35:00,88.85037636
2013-12-08 03:40:00,90.06574533
2013-12-08 03:45:00,89.47321641
2013-12-08 03:50:00,89.49890193
2013-12-08 03:55:00,89.36027584
2013-12-08 04:00:00,90.30939485
2013-12-08 04:05:00,90.18745452
2013-12-08 04:10:00,88.80251206
2013-12-08 04:15:00,88.71426739
2013-12-08 04:20:00,88.01237756
2013-12-08 04:25:00,89.05340201
2013-12-08 04:30:00,87.63068406
2013-12-08 04:35:00,87.59996141
2013-12-08 04:40:00,88.93409249
2013-12-08 04:45:00,88.4932938
2013-12-08 04:50:00,87.87017502
2013-12-08 04:55:00,88.15965843
2013-12-08 05:00:00,88.57762583
2013-12-08 05:05:00,86.69567686
2013-12-08 05:10:00,87.48503779
2013-12-08 05:15:00,88.01252158
2013-12-08 05:20:00,87.84251635
2013-12-08 05:25:00,87.25676755
2013-12-08 05:30:00,86.27496035
2013-12-08 05:35:00,86.14686915
2013-12-08 05:40:00,85.25099819
2013-12-08 05:45:00,85.71548127
2013-12-08 05:50:00,84.63837759
2013-12-08 05:55:00,86.28997843
2013-12-08 06:00:00,86.03205193
2013-12-08 06:05:00,84.6797937
2013-12-08 06:10:00,85.86539292
2013-12-08 06:15:00,84.95052488
2013-12-08 06:20:00,83.99936947
2013-12-08 06:25:00,85.26030247
2013-12-08 06:30:00,84.51946178
2013-12-08 06:35:00,85.45354636
2013-12-08 06:40:00,84.65960242
2013-12-08 06:45:00,84.40276599
2013-12-08 06:50:00,84.1001681
2013-12-08 06:55:00,85.9431287
2013-12-08 07:00:00,84.41427592
2013-12-08 07:05:00,83.84188142
2013-12-08 07:10:00,84.7960943
2013-12-08 07:15:00,85.14236134
2013-12-08 07:20:00,83.72842668
2013-12-08 07:25:00,85.73264727
2013-12-08 07:30:00,84.70315241
2013-12-08 07:35:00,85.60791323
2013-12-08 07:40:00,84.70062435
2013-12-08 07:45:00,84.00841301
2013-12-08 07:50:00,83.96981105
2013-12-08 07:55:00,84.44624618
2013-12-08 08:00:00,85.66124022
2013-12-08 08:05:00,83.58491001
2013-12-08 08:10:00,84.36083082
2013-12-08 08:15:00,85.55003712
2013-12-08 08:20:00,85.15567832
2013-12-08 08:25:00,85.05132264
2013-12-08 08:30:00,84.32909383
2013-12-08 08:35:00,83.15749308
2013-12-08 08:40:00,85.38162269
2013-12-08 08:45:00,85.43735694
2013-12-08 08:50:00,84.97702778
2013-12-08 08:55:00,83.11570344
2013-12-08 09:00:00,85.10539968
2013-12-08 09:05:00,85.07470511
2013-12-08 09:10:00,83.29711395
2013-12-08 09:15:00,85.13170826
2013-12-08 09:20:00,82.93738044
2013-12-08 09:25:00,84.68169089
2013-12-08 09:30:00,84.84992229
2013-12-08 09:35:00,82.88976533
2013-12-08 09:40:00,83.52644709
2013-12-08 09:45:00,83.15553469
2013-12-08 09:50:00,82.76698388
2013-12-08 09:55:00,83.2685757
2013-12-08 10:00:00,84.60217624
2013-12-08 10:05:00,83.05360365
2013-12-08 10:10:00,84.73938269
2013-12-08 10:15:00,82.10406623
2013-12-08 10:20:00,82.08886518
2013-12-08 10:25:00,83.66777962
2013-12-08 10:30:00,81.53157177
2013-12-08 10:35:00,81.36519695
2013-12-08 10:40:00,82.50807736
2013-12-08 10:45:00,81.87164982
2013-12-08 10:50:00,80.78545285
2013-12-08 10:55:00,81.25728325
2013-12-08 11:00:00,78.68431836
2013-12-08 11:05:00,80.5258056
2013-12-08 11:10:00,78.4780377
2013-12-08 11:15:00,79.51204148
2013-12-08 11:20:00,78.55013795
2013-12-08 11:25:00,78.87091251
2013-12-08 11:30:00,77.18563586
2013-12-08 11:35:00,76.28644929
2013-12-08 11:40:00,77.72439354
2013-12-08 11:45:00,77.35955447
2013-12-08 11:50:00,76.31603425
2013-12-08 11:55:00,76.49308411
2013-12-08 12:00:00,74.96492999
2013-12-08 12:05:00,76.11722303
2013-12-08 12:10:00,75.52673017
2013-12-08 12:15:00,73.20383928
2013-12-08 12:20:00,74.22660016
2013-12-08 12:25:00,72.39060864
2013-12-08 12:30:00,73.77756068
2013-12-08 12:35:00,73.94872215
2013-12-08 12:40:00,71.67065786
2013-12-08 12:45:00,71.66898613
2013-12-08 12:50:00,72.49717555
2013-12-08 12:55:00,72.76345187
2013-12-08 13:00:00,73.62230736
2013-12-08 13:05:00,72.92414531
2013-12-08 13:10:00,73.25785003
2013-12-08 13:15:00,73.2552912
2013-12-08 13:20:00,73.56244629
2013-12-08 13:25:00,71.66910143
2013-12-08 13:30:00,71.83946091
2013-12-08 13:35:00,73.36302257
2013-12-08 13:40:00,73.49418152
2013-12-08 13:45:00,72.769756
2013-12-08 13:50:00,73.53365246
2013-12-08 13:55:00,71.68072827
2013-12-08 14:00:00,72.5902739
2013-12-08 14:05:00,73.4697613
2013-12-08 14:10:00,71.98976835
2013-12-08 14:15:00,71.97069123
2013-12-08 14:20:00,72.94133453
2013-12-08 14:25:00,72.72867087
2013-12-08 14:30:00,72.60011993
2013-12-08 14:35:00,71.96704071
2013-12-08 14:40:00,72.05911684
2013-12-08 14:45:00,73.05344255
2013-12-08 14:50:00,73.17483107
2013-12-08 14:55:00,73.25154999
2013-12-08 15:00:00,72.05677556
2013-12-08 15:05:00,73.41457899
2013-12-08 15:10:00,73.65548535
2013-12-08 15:15:00,71.8279348
2013-12-08 15:20:00,72.9922618
2013-12-08 15:25:00,71.10421851
2013-12-08 15:30:00,72.90521849
2013-12-08 15:35:00,70.79457598
2013-12-08 15:40:00,72.2462274
2013-12-08 15:45:00,71.55525438
2013-12-08 15:50:00,71.06894191
2013-12-08 15:55:00,71.00335786
2013-12-08 16:00:00,70.49656481
2013-12-08 16:05:00,70.61566461
2013-12-08 16:10:00,69.53151274
2013-12-08 16:15:00,69.63853502
2013-12-08 16:20:00,69.05996266
2013-12-08 16:25:00,69.17282533
2013-12-08 16:30:00,70.08331116
2013-12-08 16:35:00,68.95557767
2013-12-08 16:40:00,69.09466841
2013-12-08 16:45:00,68.90999032
2013-12-08 16:50:00,68.83110583
2013-12-08 16:55:00,68.92267614
2013-12-08 17:00:00,69.55440117
2013-12-08 17:05:00,69.77201891
2013-12-08 17:10:00,68.77232067
2013-12-08 17:15:00,69.1647455
2013-12-08 17:20:00,68.69656199
2013-12-08 17:25:00,71.26380942
2013-12-08 17:30:00,72.35258405
2013-12-08 17:35:00,74.07421781
2013-12-08 17:40:00,74.49109587
2013-12-08 17:45:00,76.11408685
2013-12-08 17:50:00,74.1261182
2013-12-08 17:55:00,73.48857108
2013-12-08 18:00:00,74.05354703
2013-12-08 18:05:00,73.71676414
2013-12-08 18:10:00,73.06092285
2013-12-08 18:15:00,72.14391084
2013-12-08 18:20:00,73.91104384
2013-12-08 18:25:00,72.20087419
2013-12-08 18:30:00,73.44050315
2013-12-08 18:35:00,72.72762146
2013-12-08 18:40:00,73.05635353
2013-12-08 18:45:00,71.31850665
2013-12-08 18:50:00,72.34474996
2013-12-08 18:55:00,72.25492146
2013-12-08 19:00:00,69.8650237
2013-12-08 19:05:00,69.77870532
2013-12-08 19:10:00,70.50017495
2013-12-08 19:15:00,68.89547154
2013-12-08 19:20:00,69.27796303
2013-12-08 19:25:00,68.2986657
2013-12-08 19:30:00,69.06568946
2013-12-08 19:35:00,67.67842771
2013-12-08 19:40:00,69.59682682
2013-12-08 19:45:00,67.71339278
2013-12-08 19:50:00,69.05797867
2013-12-08 19:55:00,67.01513311
2013-12-08 20:00:00,68.4155808
2013-12-08 20:05:00,67.60098843
2013-12-08 20:10:00,66.33179456
2013-12-08 20:15:00,66.91563668
2013-12-08 20:20:00,66.16866541
2013-12-08 20:25:00,65.4285179
2013-12-08 20:30:00,65.35053472
2013-12-08 20:35:00,66.33117909
2013-12-08 20:40:00,65.41414556
2013-12-08 20:45:00,64.09396412
2013-12-08 20:50:00,65.69491286
2013-12-08 20:55:00,63.4411211
2013-12-08 21:00:00,64.13364395
2013-12-08 21:05:00,65.06555891
2013-12-08 21:10:00,63.7086663
2013-12-08 21:15:00,65.33955353
2013-12-08 21:20:00,63.89784787
2013-12-08 21:25:00,63.75194642
2013-12-08 21:30:00,64.76514892
2013-12-08 21:35:00,64.46942496
2013-12-08 21:40:00,66.28240191
2013-12-08 21:45:00,64.88735598
2013-12-08 21:50:00,65.71863076
2013-12-08 21:55:00,65.65587933
2013-12-08 22:00:00,65.68733353
2013-12-08 22:05:00,66.5135166
2013-12-08 22:10:00,66.32794279
2013-12-08 22:15:00,65.41711769
2013-12-08 22:20:00,66.24131668
2013-12-08 22:25:00,65.12586785
2013-12-08 22:30:00,66.47994568
2013-12-08 22:35:00,65.62675545
2013-12-08 22:40:00,67.16476881
2013-12-08 22:45:00,66.57410904
2013-12-08 22:50:00,66.68194387
2013-12-08 22:55:00,67.62038922
2013-12-08 23:00:00,66.26570296
2013-12-08 23:05:00,66.75212096
2013-12-08 23:10:00,66.80125294
2013-12-08 23:15:00,68.2057202
2013-12-08 23:20:00,66.9900847
2013-12-08 23:25:00,66.67550497
2013-12-08 23:30:00,66.82404341
2013-12-08 23:35:00,67.82872822
2013-12-08 23:40:00,68.2992894
2013-12-08 23:45:00,67.76593822
2013-12-08 23:50:00,67.85999218
2013-12-08 23:55:00,67.87622075